<?xml version="1.0" encoding="utf-8" ?>
<feed xmlns="http://www.w3.org/2005/Atom">
  <title>gmt4.github.io/mpvc</title>
  <subtitle>gmt4 mpvc fork</subtitle>
  <link href="https://gmt4.github.io/mpvc" rel="alternate"/>
  <link href="https://gmt4.github.io/mpvc/atom.xml" rel="self" />
  <id>https://gmt4.github.io/mpvc</id>
  <updated>Friday, 5 April 2024</updated>
  <published>Friday, 5 April 2024</published>
  <author>
    <name>gmt4</name>
  </author>
  <entry>
      <title>mpvc logbook</title>
      <link>https://gmt4.github.io/mpvc/logbook.html</link>
      <updated>Friday, 5 April 2024</updated>
      <published>Friday, 5 April 2024</published>
      <author>
        <name>gmt4</name>
      </author>
  </entry>
</feed>
