[
  {
    "git":"https://github.com/jgreco/mpv-scripts",
    "whitelist":"fastforward%.lua$",
    "dest":"~~/scripts"
  },
  {
    "git":"https://github.com/wiiaboo/mpv-scripts",
    "whitelist":"auto%-profiles%.lua$",
    "dest":"~~/scripts"
  },
  {
    "git":"https://github.com/d87/mpv-persist-properties",
    "whitelist":"%.lua$",
    "dest":"~~/scripts"
  },
  {
    "git":"https://github.com/mpv-player/mpv",
    "whitelist":"autocrop%.lua$|autoload%.lua$",
    "dest":"~~/scripts"
  },
  {
    "git":"https://github.com/po5/mpv_sponsorblock",
    "whitelist":"%.py$|%.lua$",
    "dest":"~~/scripts"
  },
  {
    "git":"https://github.com/po5/uosc",
    "whitelist":"%.lua$",
    "dest":"~~/scripts"
  },
  {
    "git":"https://github.com/po5/mpv-webm",
    "whitelist":"webm%.lua$",
    "dest":"~~/scripts"
  },
  {
    "git":"https://github.com/po5/trackselect",
    "whitelist":"%.lua$",
    "dest":"~~/scripts"
  },
  {
    "git":"https://github.com/po5/chapterskip",
    "whitelist":"%.lua$",
    "dest":"~~/scripts"
  },
  {
    "git":"https://github.com/po5/groupwatch_sync",
    "whitelist":"%.lua$",
    "dest":"~~/scripts"
  },
  {
    "git":"https://github.com/po5/mpv_irc",
    "whitelist":"%.lua$",
    "dest":"~~/scripts"
  },
  {
    "git":"https://github.com/po5/mpv-scripts",
    "whitelist":"coverart%.lua$",
    "dest":"~~/scripts"
  },
  {
    "git":"https://gist.github.com/igv/8a77e4eb8276753b54bb94c1c50c317e",
    "whitelist":"%.glsl$",
    "dest":"~~/shaders"
  },
  {
    "git":"https://gist.github.com/igv/a015fc885d5c22e6891820ad89555637",
    "whitelist":"%.glsl$",
    "dest":"~~/shaders"
  },
  {
    "git":"https://github.com/bjin/mpv-prescalers",
    "whitelist":"ravu%-lite%-r4%.hook$|ravu%-zoom%-r4%-chroma%.hook$",
    "dest":"~~/shaders"
  }
]